id;name;business_areas;phone;email;address;created_by;created_date;last_modified_by;last_modified_date;status
1;Isle;Fantastic;856-956-5553 x8047;Nyasia.Bogan@yahoo.com;Frozen;monitor teal Auto Loan Account;2020-02-24T10:30:19;invoice;2020-02-25T06:05:30;71475
2;Berkshire users backing up;drive;1-100-912-3171 x09895;Estel.Waters40@yahoo.com;Technician Central;standardization Buckinghamshire Refined Fresh Towels;2020-02-24T16:46:24;withdrawal;2020-02-25T01:04:17;8357
3;Awesome Russian Ruble;CSS;1-610-515-9453 x336;Ron.Grant@yahoo.com;platforms Grass-roots;HTTP;2020-02-24T16:07:34;Cambridgeshire Investment Account content;2020-02-25T04:05:42;58247
4;Gorgeous Soft Car;leverage copying architectures;(868) 645-2221 x14075;Golda.Gorczany@gmail.com;California;Refined Cotton Sausages Solomon Islands Dollar;2020-02-25T07:27:56;plug-and-play;2020-02-24T15:35:03;73422
5;Savings Account redundant;monetize THX;594-235-5582 x1337;Gene.Ruecker79@yahoo.com;Rubber synthesize Tanzanian Shilling;transitional;2020-02-24T20:52:08;mobile;2020-02-25T01:45:20;35187
6;harness interface;Chips;1-934-420-5102;Johnathan77@yahoo.com;clicks-and-mortar Avon;primary Mississippi Refined Fresh Table;2020-02-25T03:06:36;Corporate Paradigm;2020-02-24T19:00:36;87725
7;Investment Account;primary quantifying;007-841-1308 x670;Charlene.Wisoky@gmail.com;Avon Associate responsive;partnerships Credit Card Account;2020-02-25T02:20:59;calculate;2020-02-24T23:12:05;83751
8;Savings Account Personal Loan Account;capability Uzbekistan aggregate;1-710-532-2494;Madisyn_Block@hotmail.com;Avon;Operations;2020-02-25T04:10:55;Bedfordshire Guadeloupe portals;2020-02-24T15:02:09;75348
9;success Computer synergies;Checking Account;483-217-5582;Jamison.Schmitt@hotmail.com;connecting Gorgeous Human;asynchronous;2020-02-25T07:14:30;Integrated;2020-02-25T02:49:18;46894
10;Small communities systems;South Dakota Iowa Progressive;817-018-6895 x29492;Roberto_Heller@yahoo.com;withdrawal South Georgia and the South Sandwich Islands virtual;Corners Corners;2020-02-24T17:41:01;Metal Spring online;2020-02-25T02:05:06;39891
