id;i_d;name;phone;email;address;job;avatar;file_upload_cv;created_by;created_date;last_modified_by
1;65201;non-volatile Communications;1-255-960-4915 x170;Howell29@yahoo.com;De-engineered customized Bacon;microchip cyan Brand;Georgia;Fantastic Plastic Mouse Burkina Faso deposit;brand;2020-02-25T05:39:22;Berkshire program
2;52491;Belarus digital productize;211-721-9918;Freida_Anderson@gmail.com;Integrated;Incredible green cross-platform;SDD object-oriented;Frozen;Idaho copy wireless;2020-02-25T00:24:26;Corner hack
3;59957;revolutionize infomediaries;312.261.1072;Mya65@hotmail.com;cultivate convergence;Tuna models bypass;Borders Auto Loan Account;Industrial Lebanese Pound Ball;Shoes;2020-02-24T14:45:42;feed turquoise RSS
4;54046;Handmade;1-339-694-9423 x7693;Nia95@yahoo.com;RAM;array;Port Sao Tome and Principe Mouse;reintermediate pricing structure;input circuit Checking Account;2020-02-24T17:39:22;reciprocal
5;4759;Multi-layered;482.201.3330 x51731;Dahlia.Schaefer2@yahoo.com;facilitate;Dynamic;Shoal Credit Card Account;auxiliary;Idaho payment Operative;2020-02-24T23:43:24;Home Loan Account cross-platform Orchestrator
6;27663;Tennessee Managed;736-528-0308 x54897;Zack79@yahoo.com;Electronics;Regional SMS neural;digital;protocol online;Product hack Missouri;2020-02-25T07:26:21;task-force
7;23845;Avon AGP GB;(629) 001-6213 x6796;Jannie_Emmerich53@yahoo.com;Keyboard;Corporate connect;Realigned;Toys;Checking Account;2020-02-24T16:51:18;Borders Representative
8;74352;Nebraska Enterprise-wide TCP;1-350-490-6847 x103;Domenica.Balistreri11@yahoo.com;program Functionality;Handmade Soft Fish Configurable;Philippine Peso Open-source;Unbranded Steel Chair killer;Kwanza;2020-02-25T06:26:04;hack
9;70923;Plastic;1-088-914-3478 x33944;Nettie.Kohler84@gmail.com;Practical invoice;navigate Central Metal;Somali Shilling;Chips connecting action-items;Licensed Rubber Bacon connect;2020-02-24T16:58:02;Handcrafted Granite Pizza
10;37136;Refined Frozen Chicken Officer;102-390-3678;Kobe86@hotmail.com;Handmade synthesizing Chief;Profound purple;Investor Pennsylvania;Soft RSS reintermediate;Rustic Soft Hat Ergonomic;2020-02-24T08:16:47;Yen
